{"initial_reset_timestamp": 1745853037.9444087, "timestamps": [1745853274.0603232], "episode_lengths": [577], "episode_rewards": [1950.5517715193814], "episode_types": ["t"]}